{"mostRecentYearMean": 1017223.8858560794, "nullSentence": "There was only one corporations that did not report in 2015, which was Knauf Australia Pty Ltd", "yearSum": "{\"value\":{\"2009\":444067735.0,\"2010\":437056806.0,\"2011\":444067735.0,\"2012\":436068363.0,\"2013\":400713596.0,\"2014\":394292365.0,\"2015\":409941226.0}}", "currYearPctChange": 4.0, "topTen": ["AGL Energy Limited", "Energyaustralia Holdings Limited", "Rio Tinto Limited", "Origin Energy Limited", "International Power (Australia) Holdings Pty Ltd", "Stanwell Corporation Limited", "Alcoa Australian Holdings Pty Ltd", "Cs Energy Limited", "Glencore Holdings Pty Limited", "Ozgen Holdings Australia Pty Ltd"], "mostRecentYear": 2015, "mostRecentYearTotal": 409941226.0, "mostRecentYearTotalStr": "409m", "yearMean": "{\"value\":{\"2009\":1057304.1309523811,\"2010\":1481548.4949152542,\"2011\":1057304.1309523811,\"2012\":1033337.3530805687,\"2013\":979739.8435207824,\"2014\":961688.6951219512,\"2015\":1017223.8858560794}}", "biggestEntity": "AGL Energy Limited", "smallestEntity": "Cement Australia Pty Limited"}