{"mostRecentYearMean": 142844.62174578867, "yearSum": "{\"value\":{\"2009\":48890018.049999997,\"2010\":43228717.0,\"2011\":171937131.0,\"2012\":110713353.0,\"2013\":98303016.0,\"2014\":93277538.0}}", "currYearPctChange": -5.1, "topTen": ["Queensland Nickel Pty Ltd", "Liberal Party of Australia", "Mineralogy Pty Ltd", "Election Funding Authority NSW", "Westpac Banking Corporation", "NSW Electoral Commission", "Labor Holdings Pty Ltd", "Palmer Coolum Resort", "Vapold Pty Ltd", "The Free Enterprise Foundation"], "mostRecentYear": 2014, "mostRecentYearTotal": 93277538.0, "mostRecentYearTotalStr": "93m", "yearMean": "{\"value\":{\"2009\":93123.8439047619,\"2010\":52589.6800486618,\"2011\":139786.2853658537,\"2012\":121263.256297919,\"2013\":139042.4554455446,\"2014\":142844.6217457887}}", "biggestEntity": "Australian Electoral Commission", "smallestEntity": "Ms Amanda Harkness"}